時間	発言者	スライド	トーク	メモ
	（確認）	トークスクリプト追加事項	{ルーティン:トークスクリプト追加事項}	チェックシートの「トークスクリプト追加事項」。どこに入れるかを見て、台本に書き足してください
	（確認）	その他注意事項	{ルーティン:その他注意事項}	
	（確認）	担当割り振り	{ルーティン:担当割り振り}	
06:20	Webチーム(ホスト担当)	Zoom開始		
06:40	Webチーム(ホスト担当)	共有開始		
	プレジデント	（朝一MTG）	メンバーの皆様おはようございます！只今より第{回}回定例会をスタートいたします。まず、朝一ミーティングを開始いたします。	
	プレジデント	（朝一MTG）プレジデントより	{ルーティン:プレジデントより}	
	バイスプレジデント	（朝一MTG）バイスプレジデントより	{ルーティン:バイスプレジデントより}	
	書記兼会計	（朝一MTG）書記兼会計より	{ルーティン:書記兼会計より}	
	プレジデント	（朝一MTG）その他のお知らせ	{ルーティン:その他のお知らせ}	
	プレジデント	（朝一MTG）ポジティブな挨拶	【{メインプレゼン}】 朝は1人目、アフターは2人目。それでは{メインプレゼン1}さん、ポジティブな挨拶をお願いします!	
06:50	プレジデント	接続状況確認	"みなさん、おはようございます！　全員、お揃いでしょうか。
ビジターの皆様、本日はようこそ{チャプター}にお越しくださいました！"	
07:00	プレジデント	オープンネット ワーキング	"これからオープンネットワーキングの時間となります。

ビジターの皆様と　メンバーとの交流時間です
対面でいうと名刺交換の場となりますので
お仕事の内容について　積極的にお話してください！
時間は15分間です！

WEBチームのみなさん１５分間の戻り30秒でお願いします
ご準備如何でしょうか！？
　　
＊それでは参りましょう。オープンネットワーキング、いってらっしゃい！"	
07:14	Webチーム(ホスト担当)	録画されます	（オープンネットワーキング開始）	
	Webチーム(ホスト担当)		（オープンネットワーキング終了）	
07:15	プレジデント		"皆さん戻られましたでしょうか？
今のオープンネットワーキングで、ビジターの皆様がどんなお仕事をされているのか、
また今後ビジネスを行っていく上で、我々メンバーがどのようにお手伝いが出来るのか、
積極的にお話ができたのではないかと思います。
（少し間を置く）
ビジターの皆さま、この定例会の中で、もう少し話してみたいメンバーがいらっしゃいましたら、是非メモに残しておいてください。
後ほどビジターホストの担当者からお繋ぎさせて頂きます。
（少し間を置く）

では、改めまして
これより、定例会をスタートいたします。

こちらの定例会は録画されております。　ビジターの皆さま　ご理解の程お願いいたします。

それでは参りましょう！！　"	
07:15	Webチーム(スライド担当)	オープニング（音）	注：（オープニング音声が流れる）	
	プレジデント	オープニング	"ビジターの皆様、おはようございます！
{チャプター}、第{回}回オンラインミーティングへ　ようこそいらっしゃいました！
メンバーのみなさん、ミュートを解除して大きな拍手をお願い致します！"	
	プレジデント	注意	"まずはじめに、
ビジターのみなさまにお願いがございます。
この定例会はビジネスミーティングの位置づけです。
オンライン中は　ビデオの画面を　オンにして　ご参加頂きますようお願いいたします。
また、15分以上の離席はお控えください。
マイクについては、　通常ミュート設定ですが、　発言の際はミュートの解除をお願いします。
何かございましたら招待者メンバーにお知らせください。"	
	プレジデント	ビジョンとミッション	"それでは、ここでBNIのビジョンと、ミッション　を　ご紹介します。

「BNIのビジョン」とは；
Changing the Way the World Does Business®.
世界のビジネスのやり方を変える

「BNIのミッション」とは；
メンバーがビジネスを増やすことをサポートすることです。
体系的かつポジティブ、そしてプロフェッショナルな
　「リファーラル・　マーケティング・　プログラム」を通じて、
メンバーが質の高い　各専門分野のプロと、長期的で　有意義な　関係を築く機会を提供します！"	
	プレジデント	ビジターの音声確認	"ここで、本日ご参加いただいておりますビジターのみなさまのご紹介をさせていただきます。

それでは {ビジターホストコーディネーター}さんよろしくお願いします"	
	ビジターコール担当者	歓迎　本日のビジター	"それでは、みなさん、既に配布されている「ビジターリスト」を参照願います。
こちらのリストとなります(画面にみせる)
こちらのリストは　昨日お送りしております　メールのURLからもご覧いただくことができます。
本日は{ビジターの人数}名のビジター様にご参加いただいております。　　ビジターリスト順に私からご紹介させて頂きます。
合わせて音声確認も行いますので、ミュートを解除してお返事をお願い致します。
{ビジターの一覧}"	ビジターの一覧は、参加者シート（CSVから作った名簿）から入ります
	ビジターコール担当者	代理の方々	(代理がいれば)また、本日は{代理の一覧}にご参加いただいております。	
	ビジターコール担当者	ゲストの方々	(ゲストがいれば)また、本日はゲストとして、{ゲストの一覧}にお越しいただいております。	
07:28	プレジデント	BNI用語	"続きまして、ビジターの皆さまに、ミーティング中で使われているBNI特有の用語について
ご説明させていただきます。　
『チャプター』とは、１つの専門分野に１名で構成されたビジネスチームのことです。私たちは{チャプター}です

『リファーラル』とは、メンバー間で交わされるビジネスや、信頼に基づく人脈の紹介のことです。

『サンキュー』とは、そのリファーラルによって発生した売上金額のことで、感謝の意を込めて、サンキューと呼んでいます。

『カテゴリー』とは、専門業種のことで、　BNIでは　１つの専門分野に対して加入できるのは1名のみであるという規定があります。"	
	プレジデント	リーダーシップチーム	それでは今期役員をつとめているメンバーの紹介をさせて頂きます。	
	プレジデント	プレジデント紹介	"私は{チャプター}のプレジデントを務めます{プレジデントのカテゴリー}の{プレジデント}です。
宜しくお願い致します！

私の役割は、毎週のチャプターミーティングで議長を務めることです。

ミーティングをBNIの体系的な進行手順に従って　実施します。

このBNIのミーティングアジェンダに従うことで、
チャプターにおいて　交わされる　ビジネスを　最大化できることが　実証されています。"	
	プレジデント	バイス紹介	次に、バイスプレジデント　{バイスプレジデントのカテゴリー}の{バイスプレジデント}さんです。{バイスプレジデント}さんよろしくお願いします！	
	バイスプレジデント		"バイスプレジデントの私の役割は、大きく２つとなります。
まず私は、メンバー間で交わされたビジネスについて、チャプターの実績を管理しています。
ビジネスで　優れた実績を残すには、目標設定、そして目標達成に関する進捗状況の管理が不可欠です。
　　　
また、私はメンバーシップ委員会の議長を務めます。"	
07:31	バイスプレジデント	メンバーシップ紹介	今期のメンバーシップ委員会のメンバーは、{チームのメンバー:メンバーシップ委員会}です。	「役職・チーム（半期ごと）」のメンバーシップ委員会のメンバーが入ります
07:32	バイスプレジデント	メンバーシップの役割	"メンバーシップ委員会は、次のような重要な役割を担っています。
①新規または更新の、メンバーシップ申し込みへの対応、及び信用照会先に対する問い合わせ　　　　　　　　　　　　　　　　　                         
②チャプター内で利害対立が発生した場合の対応
③チャプター内でのＢＮＩの各種規定や手続きの運用
④チャプター発展のための企画立案を行う

以上になります。"	
	プレジデント		はい、{バイスプレジデント}さんありがとうございます！	
	プレジデント／書記兼会計	書記兼会計の紹介	"続きまして、書記兼会計、　{書記兼会計のカテゴリー}の{書記兼会計}さんです。　{書記兼会計}さん、よろしくお願い致します！

はい、書記兼会計はチャプターの運営費を管理し、財務を担当します。

はい、{書記兼会計}さんありがとうございます！"	
	プレジデント	サポートチームの紹介	"次に、サポートチームを紹介致します。
{チャプター}には、メンバーのビジネスを拡大させるために さまざまな役割がございます。"	
	プレジデント	ビジターホストコーディネーター紹介	まずは　ビジター　ホスト　コーディネーター　{ビジターホストコーディネーターのカテゴリー}の{ビジターホストコーディネーター}さんです。　（{ビジターホストコーディネーター}さん返事）	
	プレジデント	ビジターホストの皆さん	"そして　ビジターホスト　の皆さんです。

ビジターホストとは、　ビジターの皆様を暖かくお迎えし、ビジネス拡大のお手伝いをさせて頂きます。"	
	プレジデント	エデュケーションコーディネーター	"次に、エデュケーションコーディネーター　{チーム:エデュケーションコーディネーター}です。（担当者返事）
メンバーの　　ネットワーキングスキルを向上させる　　学習コーナーを担当します。"	
	プレジデント	メンターコーディネーター	"次に、メンターコーディネーター、{チーム:メンターコーディネーター}です。（担当者返事）
新しいメンバーが　　BNIで　早期に活躍できるように　サポートを行います。"	
	プレジデント	その他ST	"また、その他にも　ビジネスを拡大させるために　ご覧のような　様々な　役職があり
メンバーの皆さんの　貢献によって、　会は運営されています。"	
	プレジデント	リージョン参加者	そして本日は、{リージョン}、{ルーティン:リージョン参加者}にご参加いただいております。（リージョン参加者の返事）	
	プレジデント	BNIのコアバリュー 目的と概要	それでは、私たちBNIでは	
	プレジデント	7つのコアバリュー	"７つのCore Valueという、基本的な価値観をベースに活動しています。
その中の一つをご紹介します。"	
	プレジデント	{コアバリュー}	"{コアバリュー}
（スライドのコアバリューの説明を読み上げる）"	"チェックシートの「BNI目的と概要」のコアバリューが入ります。
（例）Lifelong Learning（生涯学習）
知識やスキルを高めると共に、自分の価値を高めます。私たちが生きている世界は常に変わり続けています。自分が目指す人物になるための学習計画を立て、それに従うことで目標を達成します。"
	プレジデント	BNIの目的と概要	では、次にBNIの目的と概要です。　　　　　　　　　　　　　　　　　	
	プレジデント	BNIの目的と概要(詳細)	"ＢＮＩは、プロフェッショナルのためのネットワーキングの組織であり、
各専門分野につき　1名のみが　メンバーとして加入することができるのが　特徴です。

チャプターの唯一の目的は、メンバーに多くの　ビジネスをもたらすことです。
「与えるものは与えられる」　という考え方に基づいて運営されています。

メンバーにリファーラルを提供することで、相手からも「あなたのビジネスに貢献したい」
という気持ちが生まれます"	
	プレジデント	77か国	BNIは、この種の組織としては世界最大級で,現在、世界77の国と地域で	
	プレジデント	全世界で10000	11,000を超えるチャプターが活動しており、	
	プレジデント	全世界30万人	メンバー数は、実に35万人を超えています。	
	プレジデント	BNIの数値各種	"BNIのメンバーが交わした　リファーラルの件数は　1,790万件を超え、
交わされた　ビジネスの合計額は　4兆3500億円を超えています！"	
	プレジデント	シェアストーリー	"ではここで、メンバーからのシェアストーリ―です
本日は {ルーティン:体験談}から聞いて見たいと思います。ではどうぞ！"	
	（体験談の方）		体験談(45秒)	
	プレジデント		"はい、{ルーティン:体験談}ありがとうございました！
　(プレジデントから一言コメント)"	
	プレジデント	スライド共有停止	"では、ここでネットワーキング学習コーナーです。
それでは{ルーティン:エデュケーション}ご準備お願いいたします"	
	プレジデント	エデュケーション担当 による共有	"BNIには　先ほどご紹介いたしました、７つのコア・バリューがあり、その中のひとつに、ライフ・ロング・ラーニング、　生涯学習というものがあります。毎週、学習コーナーを設けて　メンバーのスキルアップを　図っています。
それでは、{ルーティン:エデュケーション}ご準備の方は如何でしょうか？　それでは！よろしくお願いいたします。"	
	プレジデント		{ルーティン:エデュケーション}、ありがとうございました。	
	プレジデント	スライド共有再開 ネットワーキングリーダー 進行に合わせて 　スライドを進める	"では次に、(間をおいて)ネットワーキングリーダーの発表です。（音楽開始）
これは、{チャプター}に貢献してくれたメンバーの発表になります。
メンバーのみなさんは、盛大な拍手をお願いします！　
それでは（バイスプレジデント）{バイスプレジデント}さん、お願いします。"	
	バイスプレジデント		"はい、それでは先月のネットワーキングリーダーの発表をさせて頂きます。
{ルーティン:ネットワーキングリーダー}
メンバーの皆さん、ミュートを解除して、改めて大きな拍手をお願いいたします！"	"（例）○年○月のネットワーキングリーダーの発表をさせて頂きます。
まずCEUからです。CEUとは、BNIのトレーニングやワークショップなどを通じて学んだ、エデュケーションをポイント化したものです。
先月のCEU部門は○○ポイントで、（カテゴリー）：○○さんです。
次にサンキュー部門、つまり売上に貢献されたメンバーを発表します。○○円の売上に貢献頂きました、（カテゴリー）：○○さんです。
次に外部リファーラル部門は○○件で、（カテゴリー）：○○さんです。
次に1to1の回数は○○回で、（カテゴリー）：○○さんです。
最後にビジター招待数部門は○○名で、（カテゴリー）：○○さんです。
それでは、今回の受賞者を代表し、サンキュー部門を受賞しました○○さんより、一言頂きたいと思います。"
07:37	プレジデント	新入会メンバー	さて、本日は新入会のメンバーがいます！ご紹介しましょう！ {ルーティン:新入会}さんです！これからBNIでご活躍いただく前に　宣誓式を行います。ご準備は宜しいでしょうか？	
	プレジデント	BNI倫理規定	"BNIには、活動するうえで６つの大切な倫理規定があります。
これから　私が番号を読み上げますので、それに続いて倫理規定をお読みください。
（複数名いる場合：本日は○○名の新規メンバーがいますので、1番から〇ばんまでを○○さんが、〇番から〇晩までを○○さんが読んでください！）
それでは　まいりますね！倫理規定、１番，２番，３番，４番，５番，６番！
ありがとうございました！　メンバーの皆さん、盛大な拍手をお願い致します！！

それではどのような思いで入会を決められたか　一言コメントを頂けますか?
はい、ありがとうございます！"	
	プレジデント	更新メンバー	"また、本日は更新のメンバーがいます。（スライド変更）（間をおいて）{ルーティン:更新式(更新メンバー)}さんです！１年更新です
これからBNIでご活躍いただく前に　宣誓式を行います。ご準備は宜しいでしょうか"	
	プレジデント	BNI倫理規定	" BNIには、活動するうえで６つの大切な倫理規定があります。
これから　私が番号を読み上げますので、それに続いて倫理規定をお読みください。
（複数名いる場合：本日は○○名の新規メンバーがいますので、1番から〇ばんまでを○○さんが、〇番から〇晩までを○○さんが読んでください！）
それでは　まいりますね！倫理規定、１番，２番，３番，４番，５番，６番！
ありがとうございました！　メンバーの皆さん、盛大な拍手をお願い致します！！

それではどのような思いで更新を決められたか　一言コメントを頂けますか?
はい、ありがとうございます！"	
	プレジデント	ウィークリープレゼンテーション （赤・表紙）	"では、ここからメンバーによるウィークリープレゼンテーションのコーナーです！！
このプレゼンテーションは、自分自身、　自分のビジネスで　提供している価値、
どのようなリファーラルを求めているか、他のメンバーに継続的にエデュケーションを行う機会です。

メモを取りながらお聞きください。
(そして本日は新入会のメンバーが必須のトレーニング受講を終了した{スタートアッププレゼン}さんの{スタートアッププレゼンの秒数}のスタートアッププレゼンになります。)
メンバーのプレゼンテーションの後には、　ビジター様の{ビジタープレゼンの秒数}のプレゼンタイムをご用意しています。
ご準備をお願い致します。

それでは、本日は{ウィークリープレゼンの起点}さんからスタートとなります！それではまいりましょう！"	起点は、チェックシートの「ウィークリープレゼン」（無ければ前回から数えた業種区分）の最初の方です
	メンバー	ウィークリープレゼンテーション	"（ウィークリープレゼンテーション）
※時間オーバーのメンバーは話し続ける場合でも次のスライドへスポット変更、可能であればミュート
※オーバーされたメンバーのカウントは戻してあげる"	
	プレジデント	全員おわりましたか？	はい、ウィークリープレゼンテーションは以上となります。	
	プレジデント	ビジターの自己紹介 どのように手伝えますか？	"では、続きまして　ビジター様のプレゼンテーションタイムになります。プレゼンの時間は{ビジタープレゼンの秒数}です。
また、ビジターの皆様は本日の参加者に向けて、情報発信ができます。セミナーやイベントの案内、SNSの情報など、プレゼンの後にzoomのチャット欄にご投稿ください。"	
	プレジデント	ビジタープレゼンテーション 一人目のスライド	"私がビジター様のお名前をリスト順に読み上げます。（招待者＋名前）
画面の下には{ビジタープレゼンの秒数}のカウントダウンのタイマーが表示されます。
プレゼン終了時間になりますと、ベルが鳴りますので、よろしくお願い致します。
それでは、、、"	
07:42	プレジデント	ビジタープレゼンテーション ※ビジターに合わせてスライドを進める	{ビジターの一覧}	
	プレジデント	ビジタープレゼンテーション 全員おわりましたか？	"ビジターの皆さま、本日はご参加頂きまして本当にありがとうございます。
メンバーのみなさん、ミュートを解除して大きな拍手をお願いします！"	
	プレジデント	ビジネスブレイクアウトルーム（概要）	"では、ここで・・・　　ビジネス　ブレイク　アウトルーム　のお時間です。

メンバーとビジター様の　部屋を　ランダムに組ませて頂きます。
メンバーは、他のメンバーのウィークリープレゼンテーションを聞いて、

今週１週間の

アクションプランを発表してください。"	
8：16	プレジデント	ビジネスブレイクアウトルーム（時間）	"発表時間は一人30秒です。

ビジター様は、BNIで　どのようにして　ビジネスが生まれていくかをご覧下さいね。

{ウィークリープレゼンの起点}さんを起点に　ファシリテーター役、　タイムキーパー役を決めてください。

時間は5分間の、戻り10秒でお願いします。WEBチームの皆さん　ご準備如何でしょうか！？

それでは　『ビジネス　ブレイクアウト　ルーム』　行ってらっしゃい〜！

（ブレイクアウトルーム開始）
（ブレイクアウトルーム終了）

『おかえりなさい～』

それではメンバーに感想を聞いてみましょう
〇〇さんいかがでしたか?　（指名する）

他のメンバーの話を聞くと、
メンバーの仕事にどんな人脈がつながるのかなど、今まで自分が思いつかなかった　気付きもありますよね。

{チャプター}の目標リファーラルは1人毎週2件以上です。　２件以上出せるように皆さん活動していきましょう！ "	ブレイクアウトルームの起点は、ウィークリープレゼンの起点と同じです
	プレジデント	バイスによる報告①②③ （読む場所に合わせる）	つづいて、バイスプレジデントからの報告です。　{バイスプレジデント}さんお願いします。	
	バイスプレジデント		"私からはチャプター設立以来の実績を報告させていただきます。
{ルーティン:バイスプレジデントによる報告}
（クリック）そして今週の速報値です。～～～"	チャプター設立以来・・・（画面を読み上げる）
	バイスプレジデント	メンバーシップ委員会による報告	続いて、メンバーシップ委員会からの報告です。{ルーティン:メンバーシップから報告}、お願いいたします。	
	メンバーシップ	一般規定	"メンバーシップ委員会による報告です。メンバーの皆様は規定集をご用意ください。本日は{ルーティン:一般規定}です。
（規定集の、その番号の文を読み上げる）"	"（例）10番
専門分野（BNI ビジネス・カテゴリー）の変更を希望するメンバーは、新たにメンバーシップ申込書を提出し、許可を得なければならない。皆様WP、MPにてご自身のカテゴリーをを発表いただいていると思いますが、ご自身のターゲット層の変化、ビジネスモデルの変更がある場合は慎重に検討の上メンバーシップにご提出お願いいたします。"
	メンバーシップ	重点カテゴリ	"開放カテゴリーは、{ルーティン:開放カテゴリー}
審査中カテゴリーは、{ルーティン:審査中カテゴリー}
チャプターが最も必要とするビジネス・カテゴリーは、{ルーティン:募集カテゴリー}です。
メンバーシップからは以上です。"	
	プレジデント	書記兼会計による発表	"ありがとうございます。
では、続いて、書記兼会計からの発表です。　　{書記兼会計}さん、お願いします。"	
	書記兼会計	スピーカーローテーションの発表	"＜メインスピーカーの発表＞

はい、私の方からは今後４週間のメインプレゼンテーションのローテーションを発表致します。

{スピーカーローテーション}

発表者の方は２週間前までに、略歴書と発表用のデータ・資料を書記兼会計の私までご提出ください。

当日、スピーカーからの提供で包装した商品、目安として1,000円から2,000円程度のものをお持ちください。
発表者は、「 ビジネスビルダー　MSアドオン・プログラムの 」 の受講が必須となります。

発表者の方の、パワーチームに繋がりそうな方を、ビジターとしてご招待しましょう。"	名前→日付の順に読む
	書記兼会計	メインプレゼンターの スライド	"さて、時刻は、8時○○分を回りました。
お待ちかねの、メインプレゼンテーションの時間となります。
本日のトップバッターは、そう！{メインプレゼン1}さんです"	
	書記兼会計	共有停止	"{メインプレゼン1}さん、ミュートを解除してご準備をお願いします。

さぁ{メインプレゼン1}さんのご準備の方も整ったようです。終了1分前にアラームが鳴りますので確認をお願いします。
それでは参りましょう！{メインプレゼン1}さんのメインプレゼンテーションです！はりきって！どうぞ！"	
	メインプレゼンター①	メインプレゼンターの スライド	（メインプレゼンテーション①）	
8：30	書記兼会計		"はい、{メインプレゼン1}さん、ありがとうございました！
（感想）{メインプレゼン1}さんの～～や、～～が良くわかりました！

続いてのメインプレゼンターは　{メインプレゼン2}さんです！

{メインプレゼン2}さん、ミュートを解除してご準備をお願いします。

さぁ{メインプレゼン2}さんのご準備の方も整ったようです。終了1分前にアラームが鳴りますので確認をお願いします。
それでは参りましょう！{メインプレゼン2}さんのメインプレゼンテーションです！はりきって！どうぞ！"	
	メインプレゼンター②	メインプレゼンターの スライド	（メインプレゼンテーション②）	
	書記兼会計		"はい、{メインプレゼン2}さん、ありがとうございました！
（感想）{メインプレゼン2}さんの～～や、～～が素晴らしいですね！

さあ、いまのプレゼンテーションを通じて、お二人のお仕事の内容と価値がとてもよくわかりましたね！
メンバーのみなさま、来週は{メインプレゼン1}さんと{メインプレゼン2}さんにリファーラルはだせそうでしょうか？（メンバー：はい！）

ありがとうございます。
メインプレゼンは以上になります！"	
	プレジデント		はい　{書記兼会計}さん、ありがとうございました。	
	プレジデント	リファーラルと推薦のことばのコーナー （赤・表紙）	"さて、ここからはリファーラルと推薦のことばのコーナーです。

このコーナーはメンバーが一週間でどれだけ　他のメンバーのために貢献したかを発表する
会の中でもっとも大切なコーナーです。
（音楽スタート）
ひとり ７ 秒以内で、招待されたビジター様のお名前、リファーラルと推薦のことばの件数、
外部リファーラルの内容を１件のみ発表をお願いします。　


それでは{名簿の先頭}さんから、お願いいたします！
メンバーの皆様はミュートを解除してテンポよく参りましょう！！"	貢献発表は、メンバー名簿のいちばん上の方から
	メンバー	貢献発表	"（貢献発表）
※ビジターがいるメンバーは止めて、ビジターへのあいさつが終わってからカウントダウン
※推薦の言葉がある場合、貢献発表の後に、○○さんに推薦の言葉があります。と言ってから次のスライドへ"	
	プレジデント	いつも貢献頂き 感謝します	メンバーのみなさん、大きな貢献ありがとうございます！	
	プレジデント	推薦の言葉 （誰から誰へ）	"そして本日は、「推薦のことば」が届いております。

ビジターの皆様、「推薦のことば」とは、メンバーの商品やサービスを実際に利用し、どのような課題が解決されたのか、その価値や成果をお客様の声として紹介するものです。

メンバーからの感謝の気持ちとともに、ぜひお聞きください。

それでは本日は、{推薦のことばの件数}枚の「推薦のことば」をご紹介いたします
{推薦のことば}
{推薦のことばを書いた方}、ご準備よろしいでしょうか"	チェックシートの「推薦の言葉」から入ります（定例会中に発表する組）
	発表メンバー	推薦の言葉 （本文）	"（該当メンバーによる推薦の言葉の発表）
※今期はスライドに組み込んでおく"	
8：42	プレジデント		"推薦のことばの発表を頂いた{推薦のことばを書いた方}ありがとうございました。
メンバーの皆さんは推薦のことばを受け取った {推薦のことばを受けた方}にリファーラルを出せるように積極的に動いてください"	
	プレジデント	ビジターの感想	"ビジターの皆様、本日の定例会はいかがでしたでしょうか。

メンバー同士がどのように関係を築き、そこからビジネスにつながっていくのか、
少しでも感じていただけていれば嬉しく思います。

ここで、ビジターの皆様から本日の感想を伺いたいと思います。

定例会の中で良かったところや、印象に残ったことなど、1つお願いいたします。



皆様、ありがとうございました。

私たち{チャプター}では、ご参加いただいたこの時間が、
ビジターの皆様にとって新たな出会いやビジネスのきっかけになることを大切にしています。

この後のビジターオリエンテーションでは、
BNIについて聞いてみたいことや、つながってみたいメンバー、
ご自身のビジネスで力を借りたいことなど、ぜひビジターホストにお話しください。

また、定例会だけでなく、メンバー同士が直接コミュニケーションを取れる
リアルの交流会も開催しています。
ご興味がありましたら、お声がけください。
ビジターの皆様　ありがとうございました！"	
	プレジデント	リファーラルの真正度確認（赤）・表紙	次に、リファーラルの真正度確認です。　{バイスプレジデント}さん、お願いします。	
	バイスプレジデント	ハイかイイエで お答えください	"こちらのコーナーでは2週間前に交わされたリファーラル、
つまりビジネスにつながる人脈の紹介に関して、
進捗を管理する意味で、真正度の確認をさせていただきます。

本日は、{前々回の開催日}に交わされた
{真正度確認の紹介者}から
{真正度確認の受け手}への
リファーラルで　
{真正度確認の紹介先}の件です。
{真正度確認の受け手}、よろしいでしょうか？

・リファーラル先とは連絡は取れましたか？
・そのリファーラル先には話が通じていましたか？
・そのリファーラルは純粋にビジネスの機会となり得るものでしたか？
　⇒{真正度確認の受け手}一言コメント
　・・・・・・

ありがとうございます。
{真正度確認の紹介者}、引き続きフォローをお願いいたします。
以上となります。"	チェックシートの「真正度確認」（例：Aさん⇒Bさん　C様）から入ります
	プレジデント	書記兼会計からの報告	"はい、{バイスプレジデント}さん、ありがとうございます。
次に、書記兼会計からの報告です。{書記兼会計}さん　お願いします。"	
	書記兼会計		"はい、私の方からは今後の更新対象者の方を発表させていただきます。

更新可能な60日前の期間にはいったのは、次の方です。
・{ルーティン:更新対象者60日前}

更新には所定の手続きが必要となりますので、BNIコネクトから、お手続きいただけますようお願いいたします。

さて、、、ビジターの皆様、、、本日はお忙しいなか、ミーティングに参加いただき、ありがとうございます！
本日のミーティングは、実り、あるものになっているでしょうか？

リファーラルマーケティングが、ご自身のビジネスを成長させるために、いかに効果的か、
ご理解いただけたのではないでしょうか。"	チェックシートの「更新対象者 60日前」から入ります（名簿の更新期限日から数えた方は {更新対象者（60日以内）}）
	書記兼会計	申込に必要なもの	"BNIのメンバーシップへのお申し込みは、3つの簡単なステップで行うことができます。　
　　
（クリック）　1、メンバーになるためには、後援者となるメンバーが必要です。　
（クリック）　2、メンバーシップ申込書を記入します。　　　
（クリック）　3、記入したメンバーシップ申込書はメンバーシップ委員会に提出してください。
振込明細の控え・信用照会先の情報はバイスプレジデントに提出してください。

（クリック）お申し込みに当たっては、登録費の  円、および1年分のプログラム利用料の  万円に別途消費税がかかります。
プログラム利用料は2年でお申し込みいただくと   万円の割り引き（   万円）、5年で  万円の割り引き（   万円）となります。
登録費およびプログラム利用料以外でチャプターに支払う費用としては3か月ごとに支払うチャプター運営費_9000円があります。

申し込み審査の状況については、１週間以内にお知らせ致します。

申し込みが承認されれば、あなたの競合は、この{チャプター}に入ることができなくなります。
その他、質問が御座いましたら、ミーティング後（あと）のビジターオリエンテーションでお答えいたします。"	
	プレジデント	CPからビジターへの感謝 （赤・表紙）	"{書記兼会計}さんありがとうございます

（意識して声を張って）ビジターの皆様！（少し間をあげて）
（音楽開始）

本日は早朝から私たちBNI {チャプター}の定例会にご参加いただき、
誠にありがとうございました"	
	プレジデント	収入源の獲得	"BNIは、1つの専門分野につき、たった1席です。

私たち{チャプター}の雰囲気や、私たちがどのように仕事や人脈を紹介し合っているか感じていただけたでしょうか。
今日ここに来なければ出会えなかった人が、何人もいたとおもいます。
BNIは、出会いを信用にかえ、その信用を仕事につなげていく場所です。
是非今日出会ったメンバーとこれからも繋がって頂けたら嬉しいです。
この後ビジターオリエンテーションがありますので、わからない事や気になったことは遠慮なくなんでも聞いてください。
ビジターの皆様と一緒に活動し仲間になれることを楽しみにしております

　
（音楽ストップ）

メンバーのみなさん、ミュートの解除お願いします。
ビジターの皆様に改めて大きな拍手をお願いします！！
（全員で拍手）
本日お越しいただいたことに感謝し、メンバーシップ申し込み書を提出いただけることを楽しみにしております。"	
8：55	プレジデント	これで以上となります	本日の定例会のプログラムは以上となります。	
		閉会スライド	"（閉会の音楽が流れる）
（音楽が止まったら次へ）"	
	プレジデント	ビジターオリエンテーション	"ビジターの皆様、
この後は、ビジターホストによるオリエンテーションです。

それでは     {ビジターホストコーディネーター}さん、よろしくお願い致します。"	
	ビジターホストコーディネーター	アンケートにご協力ください	"（オリエンテーションとアンケート協力へのご案内）
ビジターの皆様
本日は早朝から{チャプター}の定例会にご参加いただきましてありがとうございました。

この後はビジターホストによるオリエンテーションです。
いまからブレイクアウトルームにご移動いただきます。

よろしくお願いいたします。"	
	プレジデント		{ビジターホストコーディネーター}さんありがとうございます。	
	プレジデント／トレーニング委員 他	B N Iによる発表、お知らせ、特別レポート	"それでは続いて　リマインダー・特別報告です。
{ルーティン:リマインダー・特別報告}"	
	プレジデント	共有停止 ⇒ルーレット担当へ	"はい！続いて、皆さんお待ちかねの賞品の抽選コーナーです！
ではここからは、{バイスプレジデント}さんお願いします

（ここから{バイスプレジデント}さん）
本日メインプレゼンターだったメンバーが　プレゼンの時間を与えてもらったことへの感謝の意味を込めて
他メンバーのために用意した賞品の抽選を行うコーナーになります。

ではまず　　{メインプレゼン1}さん、ルーレットが始まりましたらストップの掛け声をお願いしますね。
※ルーレットの準備ができているか、画面を見て確認してから
それではまいりましょう！　　ルーレット　　スタート！！

（バイスコメント）
おー●●さんですね！おめでとうございます
商品はなんでしょうか?　
「いいですね～」　「羨ましい～」　「これからの季節にぴったりですね」　「是非使ってみて下さい」

続きまして、{メインプレゼン2}さんです！　　※ルーレット画面をチェックしたら
それではまいりましょう！　　ルーレット　　スタート！！

～終了～
賞品の送付をお願い致します。"	
	プレジデント	アフターMTG	"それではアフターMTGに移りましょう！
代理の方はここまでとなりますのでご退室ください。ご参加いただきありがとうございました。
{ルーティン:アフターMTG}

最後になりますが、本日ご招待いただきました{ルーティン:本日の招待者}、ありがとうございました。
本日中にフォローコールとスプレディングの入力をよろしくお願いいたします"	
	プレジデント	（アフターMTG）ポジティブな挨拶	それでは{メインプレゼン2}さん、ポジティブな挨拶をお願いします!	
